Model;F1 Score;Precision Score;Accuracy Score;Recall Score;Prediction Time
CNN;0.9677955179972877;0.9678352295987306;0.9677866666666667;0.9677866666666667;11.283326148986816
