F1 Score;Precision Score;Accuracy Score
0.9475364366448292;0.9476231553012923;0.9475
