F1 Score;Precision Score;Accuracy Score
0.7287549865029688;0.7678897466359074;0.72746
