Model;F1 Score;Precision Score;Accuracy Score;Recall Score;Prediction Time
Naive Bayes;0.7287549865029688;0.7678897466359074;0.72746;0.72746;8.51794958114624
