Model;F1 Score;Precision Score;Accuracy Score;Prediction Time
CNN;0.9475364366448292;0.9476231553012923;0.9475;10.15
Naive Bayes;0.7287549865029688;0.7678897466359074;0.72746;8.5